study_hours,sleep_hours,attendance,pass_fail
3.745401188473625,1.8513292883861965,26.170568373590598,0
9.50714306409916,5.419009473783581,24.697879907199983,1
7.319939418114051,8.729458358764083,90.62545805210367,1
5.986584841970366,7.322248864095612,24.95461998495061,1
1.5601864044243652,8.065611478614498,27.1949726128631,0
1.5599452033620265,6.587833667107174,75.93982624179637,0
0.5808361216819946,6.922765645178525,44.973984245054,1
8.661761457749352,8.491956515653193,77.67105569551812,1
6.011150117432088,2.4966800885918596,6.536615756438524,0
7.080725777960454,4.894249636431405,48.75711936733843,1
0.20584494295802447,2.2120944181960223,3.3613600183282633,0
9.699098521619943,9.87668007996647,6.265320345535452,1
8.324426408004218,9.440593396866133,90.64374533444109,1
2.1233911067827616,0.394268113685059,13.924537111759516,0
1.8182496720710062,7.055751725156885,53.24206822752171,0
1.8340450985343382,9.252483174156659,41.10956026007065,1
3.0424224295953772,1.8057534512733353,34.73433262588427,0
5.247564316322379,5.679452305526294,89.98333456872724,1
4.319450186421157,9.154882975880419,2.18233967754895,0
2.9122914019804194,0.3394597858579884,66.37896861755891,1
6.118528947223795,6.974202672468399,96.33944342135504,1
1.3949386065204183,2.9734900737255074,56.016818346184195,0
2.9214464853521815,9.243961953765304,93.68224620330918,1
3.663618432936917,9.710582451653679,5.225787928602377,0
4.56069984217036,9.442664891134338,41.87933190741614,1
7.851759613930136,4.742142166574638,26.015779096205115,1
1.9967378215835974,8.620426509893134,73.08209649807299,0
5.142344384136116,8.445493985350703,98.12970904972467,1
5.924145688620425,3.1910047324325563,25.65300624442478,1
0.46450412719997725,8.289154741506774,65.41746014740745,0
6.075448519014383,0.3700763471549262,19.809763275974014,0
1.7052412368729153,5.96269878482053,56.53302545716099,1
0.6505159298527952,2.3000883728770303,46.39324866883362,0
9.488855372533333,1.205668857772788,97.2005329631537,1
9.656320330745594,0.7695320162920916,60.85272726964666,1
8.08397348116461,6.962887758781397,34.950637208681876,1
3.0461376917337066,3.3987496376806616,11.409578488793336,0
0.9767211400638387,7.247667715287615,15.124682873493455,1
6.842330265121569,0.6535634079894237,22.53169299512351,0
4.4015249373960135,3.152903378306103,25.0966661340298,0
1.2203823484477883,5.394912923753372,85.06160578411378,1
4.951769101112702,7.907231648389636,56.12227882825249,0
0.34388521115218396,3.187525029320699,52.33909113743665,0
9.093204020787821,6.2589137643700905,11.476887186921747,1
2.587799816000169,8.85977748236187,86.0139693349435,1
6.62522284353982,6.158631881823045,72.28143032084837,1
3.1171107608941098,2.329594747536338,6.766836190000158,1
5.200680211778108,0.2440078155653802,70.78350972297687,1
5.4671027934327965,8.700988739009299,54.353821734264606,1
1.8485445552552704,0.21269410850387138,8.172534574677826,0
9.695846277645586,8.747016726841995,45.830064152865646,1
7.7513282336111455,5.28937134027212,48.469628713004695,1
9.394989415641891,9.390676985128962,16.577454016327575,1
8.948273504276488,7.987832357736654,94.56981470002823,1
5.978999788110851,9.979341105333376,84.99753714806619,1
9.218742350231167,3.5071181545171015,66.90223373291083,0
0.884925020519195,7.671882889311269,46.22955610006072,0
1.959828624191452,4.019309136092422,41.17655415845085,0
0.45227288910538066,4.798756203039089,65.09734671509541,0
3.2533033076326436,6.275054632183701,54.543186940690546,0
3.8867728968948203,8.736771141863388,6.227310588188562,0
2.713490317738959,9.840834691992951,51.25026487703317,1
8.287375091519294,7.682734138645182,80.64036172328395,1
3.567533266935893,4.177667821673338,45.923987759695805,1
2.8093450968738076,4.213570022770702,5.195657755426842,0
5.426960831582485,7.375823015888915,78.6278199384033,1
1.4092422497476265,2.3877714576830233,20.13637821359744,0
8.021969807540398,1.1047411313139466,25.862083488803876,0
0.7455064367977082,3.546221576407765,16.47063534322959,0
9.868869366005173,2.8723899165408175,33.02150648714976,1
7.722447692966574,2.963081204559901,75.6751505688635,1
1.987156815341724,2.3360775104990994,51.93858595039374,0
0.05522117123602399,0.42093189636361883,20.488127415071254,0
8.154614284548341,0.1787393473341381,87.78300781520409,1
7.068573438476172,9.877223897360315,87.95818549515292,1
7.2900716804098735,4.277731337358624,87.05784250460069,1
7.712703466859457,3.8432664715968166,23.87962113815393,0
0.7404465173409036,6.796472826930699,45.12393441809881,0
3.5846572854427263,2.1825388786506417,98.49896561408751,1
1.1586905952512971,9.499611839502254,77.20124763099903,0
8.631034258755935,7.863450144155521,2.716742122555982,1
6.232981268275579,0.8941100231225951,6.5204591260492055,1
3.308980248526492,4.175807757849284,46.39313768123328,0
0.6355835028602363,8.791183075621646,90.92202058615601,1
3.109823217156622,9.447320222914103,53.870179795271426,1
3.2518332202674705,4.674015112498697,49.781250803429025,0
7.29606178338064,6.134113892107077,10.547369995663058,1
6.3755747135521315,1.6703394609207523,65.6780104724294,1
8.872127425763265,9.911686261369766,82.21031606002255,1
4.722149251619493,2.3167170138344337,38.04200075075623,0
1.195942459383017,9.427317741351256,77.56118509253275,1
7.13244787222995,6.496466489923685,96.44766539008116,1
7.607850486168974,6.077367948788591,20.376645912768907,1
5.612771975694963,5.126885110165086,52.33296311947413,0
7.70967179954561,2.3066981171775867,28.713795808457554,1
4.937955963643907,1.7652803200550826,79.28544190338394,1
5.227328293819941,2.2048620907017535,57.75933658811575,0
4.275410183585496,1.8643826214425452,63.45824175503038,1
0.2541912674409519,7.795844735667533,79.79141596158941,1
1.0789142699330445,3.501252591667301,39.59704726624549,0
0.3142918568673425,0.5784267656339637,91.50900684070432,0
6.364104112637804,9.691026301408113,53.302886724614,1
3.143559810763267,8.837858849634257,15.7954822835348,1
5.085706911647028,9.27752283195213,69.58991181688025,1
9.07566473926093,9.949078226464353,79.32613504382545,1
2.4929222914887497,1.738952492194873,31.67616770675267,0
4.103829230356297,3.9624201890265875,85.7179256998753,1
7.555511385430487,7.582384757040913,90.61432547657664,1
2.2879816549162246,6.960206180537922,27.690448737780894,0
0.7697990982879299,1.5389590633985506,98.3521472715222,1
2.8975145291376805,8.158331249906178,14.071152804875842,1
1.6122128725400442,2.2444057183666066,20.201566840248997,0
9.29697652342573,2.2381761482262306,18.422483923802613,1
8.08120379564417,5.3697442289341355,89.39897100078704,1
6.334037565104235,5.929399348417031,65.42925523249619,1
8.714605901877178,5.8008620783781115,15.210428322227287,0
8.036720768991145,0.9148683739775487,44.032341836834895,1
1.8657005888603584,8.774608626303804,61.529802506980204,1
8.925589984899778,2.6560004258870604,8.34640849893833,1
5.393422419156507,1.2951492128280417,88.24163684073388,1
8.074401551640625,8.887480798689772,80.36035354415351,1
8.960912999234932,9.556514982297534,50.52067735766382,1
3.1800347497186388,8.621276172654506,96.71266152591704,1
1.1005192452767676,8.09516074724878,41.77609792750997,0
2.279351625419417,6.552419806390217,98.41103190364979,1
4.271077886262563,5.5085737060913935,66.79199988036271,1
8.18014765922493,0.8698675991141014,63.467127325394145,1
8.607305832563434,4.084532130706987,16.5954895295785,1
0.06952130531190703,3.72688517012314,88.1927758304644,1
5.107473025775658,2.5975378376032623,42.74896879206152,0
4.17411003148779,7.234201136885849,16.223340578247935,1
2.2210781047073027,4.9587573507877085,1.260751997575904,0
1.198653673336828,0.8104621590764793,55.975568363838256,0
3.3761517140362796,2.2018320194981134,52.739962212267635,0
9.429097039125192,6.832587636595959,71.93536223691585,1
3.2320293202075523,0.7613085949030018,89.02580530178021,0
5.187906217433661,8.512069140487688,7.9406584643029525,0
7.030189588951778,4.951465270139743,73.14964903403623,1
3.63629602379294,4.80586577326648,18.741194409758222,0
9.717820827209607,5.924077846595176,85.8177053157164,0
9.624472949421111,8.246809659251491,81.90635138616561,1
2.5178229582536416,3.4780920790219305,54.07937549855444,1
4.972485058923855,6.780161525590636,71.02427986233116,1
3.0087830981676964,5.657319639957911,31.43501131837484,0
2.848404943774676,2.6702827016942132,47.116789893281464,1
0.36886947354532795,8.78629986355158,82.16368977104716,1
6.095643339798968,7.974260216069281,45.92651971732139,1
5.026790232288615,6.584518346584255,35.77982653254418,1
0.5147875124998935,8.505817290942419,49.421244725029986,0
2.7864646423661146,8.672942009598025,82.82492524372184,1
9.082658859666537,7.083629767150348,33.520804737087275,1
2.395618906669724,8.37013328363672,17.37615931357438,0
1.448948720912231,6.974714616692836,71.20140203307808,0
4.89452760277563,6.801407717603004,82.59782127080818,1
9.856504541106007,6.186113782151843,10.063747852353334,1
2.4205527151150044,7.527166395576412,23.98741127559447,1
6.721355474058786,1.586051052930737,14.19719897609939,1
7.616196153287175,8.808707591989284,34.79414115821666,1
2.3763754399239967,8.71843527745232,45.035097890541266,0
7.282163486118596,0.29247283034559146,74.88263369633064,1
3.677831327192532,8.258167505647627,65.11475848816741,1
6.3230583059357945,1.288698674734452,62.092856747843115,1
6.335297107608947,3.351188542591419,35.23749466096544,1
5.357746840747585,7.435082562916078,84.144755308476,1
0.902897700544083,1.607598960483082,47.128716739816454,0
8.35302495589238,8.179670241190621,97.91049380151546,1
3.2078006497173583,8.32134177957742,63.41421382957368,0
1.8651851039985423,5.074677337608362,12.626474156450273,0
0.40775141554763916,0.0638587171683358,67.6177562075434,0
5.908929431882418,2.870381331749128,32.5104015431699,1
6.775643618422825,6.169269183757422,68.63271966860974,1
0.16587828927856152,9.811861780274235,6.964114816240574,0
5.12093058299281,6.3181352701666835,17.48814371759594,1
2.2649577519793795,2.5980358106415977,85.57372589057863,1
6.451727904094499,6.340057030996114,22.71795570235149,1
1.7436642900499144,5.3998537971585545,83.704112524294,1
6.90937738102466,7.798453951511436,27.927608845441043,1
3.867353463005374,1.069806388269584,64.28819100587077,1
9.367299887367345,7.61027902502028,69.4150573509831,1
1.3752094414599325,5.412665786761103,51.265475314505295,1
3.410663510502585,9.629920038589946,30.531067669673128,1
1.1347352124058907,3.418721660386861,21.264437637109612,0
9.246936182785628,6.326218931339481,3.318935456242622,1
8.77339353380981,9.320281055100175,30.39464012407238,1
2.579416277151556,1.0250972799067926,65.3162790531283,0
6.59984046034179,9.372284872364512,93.83048184484826,1
8.172222002012159,6.878857223008134,87.1204482263052,1
5.5520081159946235,0.678370591051719,76.60647765353026,1
5.296505783560065,3.0096356694681625,78.84473432532987,1
2.418522909004517,7.081720886452816,66.49849034759953,0
0.9310276780589921,0.673506014687717,26.0286857566003,0
8.972157579533267,5.8217046017627325,90.71950307058299,0
9.004180571633304,3.4588305695295674,67.0732311905834,1
6.33101457273268,6.209155177674771,56.04406309804399,1
3.390297910487007,0.4574203381251285,11.098946921348107,0
3.492095746126609,8.715368061523762,44.70555438064254,1
7.259556788702394,9.734889691773969,46.03582712019263,1
8.971102599525771,9.688778552856915,86.45636095226699,1
8.870864242651173,7.496518317429247,54.66482201877885,1
7.798755458576238,1.3008624013063197,38.04005489704097,1
6.420316461542877,7.582631959290226,97.68003285106593,1
0.8413996499504883,0.2458691645880151,11.072059332631568,1
1.6162871409461377,0.22123551528997254,42.25484283119446,0
8.985541885270793,3.2361021914954122,4.202467517140529,0
6.0642905965958995,4.886431904046658,73.99041207669303,1
0.09197051616629648,7.704074178077932,91.80765521991506,0
1.014715428660321,6.832953766065052,28.003732955048942,1
6.635017691080558,4.459027063767484,85.83416767991208,1
0.05061583846218687,2.736266662816659,29.221823046189776,0
1.6080805141749865,9.971245001577111,91.07701616439152,1
5.487337893665861,4.261813022359729,75.3961903596784,1
6.918951976926932,4.513870243296755,80.49067768414386,1
6.519612595026006,1.6362382119166918,1.80065556004545,0
2.242693094605598,7.948095487499294,96.2810357074026,1
7.121792213475358,6.936822257814886,72.66709920703232,1
2.3724908749680007,2.207696127887604,30.47510953861333,0
3.2539969815926773,0.823810456158427,82.9394664858847,1
7.464914051180242,6.804993020747131,28.152119841492997,1
6.496328990472147,6.545112142811353,87.2753839566128,1
8.49223410494178,2.7325952699820935,11.258039041193701,0
6.576128923003433,9.508635622504103,70.36859774607957,1
5.683086033354716,1.5105789178090023,54.069847664491036,1
0.9367476782809248,4.323348010426019,9.653447019544082,0
3.6771580305943354,9.436159201675988,24.189382825883897,1
2.6520236768172545,4.197273169261223,1.240403627731479,0
2.4398964337908358,6.385259476640855,46.876796546450585,0
9.730105547524456,3.9759439796279428,30.126526076000037,1
3.930977246667604,2.7421520234867005,59.83574842977588,1
8.920465551771134,9.839776479598282,29.72378077086172,1
6.311386259972629,4.09334006315043,29.99191115069847,1
7.948113035416484,8.940992036791345,74.31931987316034,1
5.026370931051921,2.299546058910862,4.814283597835345,0
5.769038846263591,2.131047040250833,90.28949951919873,1
4.925176938188639,0.3113408288451136,85.22638743911814,1
1.952429877980445,6.5166682537588505,66.78046832264066,1
7.224521152615053,3.6852634372376114,59.32215701073843,1
2.807723624408558,8.64358249839637,89.23024981396523,1
0.2431596643145384,4.732099066915572,18.533017952871443,1
6.454722959071678,9.681934279147217,7.896916219082861,1
1.7711067940704894,1.8552551570312115,23.95101699095381,0
9.404585843529143,8.686231679556109,79.45782787001903,1
9.539285770025874,7.765968527917417,3.4670266726483323,1
9.148643902204485,7.70921844644052,58.280683508348964,1
3.7015870025544437,8.447832281168877,99.54375161913099,1
0.15456616528867428,7.610239909429989,85.56960938375394,0
9.283185625877254,6.262203216314154,52.14456890435895,1
4.281841483173143,1.3124487768238757,6.364090928664234,0
9.666548190436696,0.32526179491251916,83.13735143857099,1
9.636199770892528,9.208478478156868,59.89785081772106,1
8.530094554673601,6.166503145207381,11.493299705956684,1
2.944488920695857,7.965372909761763,9.38572848233562,0
3.8509772860192526,4.815223515125501,90.96268194365923,1
8.511366715168569,1.1730818896239448,66.92002629380784,1
3.1692200515627764,1.2518579220255044,82.92867993167555,1
1.6949274668609249,6.855652872289713,87.89789002822673,1
5.568012624583502,4.303058948994627,57.17723520483222,1
9.36154774160781,2.005247267003367,51.74463517550413,1
6.96029796674973,4.915945467414369,43.042741032099016,1
5.700611700893649,0.6420893707513409,31.69465877911193,0
0.9717649377076854,5.819714019143988,43.459596085871176,1
6.150072266991698,2.6899340443509767,77.38796557301563,0
9.900538501042632,7.975591006371881,60.19234310151316,1
1.4008401523652403,3.1036195892357377,89.2523289954846,1
5.183296523637368,4.552201490818012,44.33800143791877,1
8.773730719279554,0.11620539908100636,60.7089578718754,1
7.407686177542044,0.7244688779455888,63.130755309198875,1
6.97015740995268,3.924935564066848,59.16971623063255,1
7.024840839871093,4.799388347171235,70.26337730855164,1
3.5949115121975517,6.000205481193037,23.74334683748063,1
2.9359184426449336,2.9166257870930323,51.23637775457907,1
8.093611554785136,6.949818861265426,10.422480280834767,1
8.101133946791808,8.601223971892045,38.45113276448126,1
8.670723185801037,7.7985098889334985,48.76670686212644,1
9.132405525564714,0.39618825348357145,65.22242595454725,1
5.113423988609378,4.805069472578289,95.05310525862035,1
5.015162946871996,1.0493017841817487,60.06510665483559,0
7.9829517896677515,2.4204501586252745,74.35939161765597,1
6.4996393077776515,9.866625932671464,50.626605949520275,1
7.019668772577034,1.4249554290151323,63.41040313763313,1
7.95792669436101,4.988881534513561,7.093221613377343,0
8.900053418175663,6.181557343181191,25.439158084184697,1
3.379951568515358,7.024649705441039,36.185309320513866,1
3.75582952639944,5.5964868348691414,47.249335500651355,0
0.93981939840869,0.09770847419183659,4.564874550238374,0
5.78280140996174,3.2646130824399187,14.002409755331769,0
0.35942273796742086,5.1771164338471145,27.68143077913058,1
4.655980181324601,0.8786649914483335,97.15326909010507,1
5.426446347075766,3.5062693120918076,33.134700710305076,0
2.865412521282844,0.33203108791366565,48.20410581120825,1
5.9083326056901075,0.7857849715502074,19.609771273839293,0
0.3050024993904943,3.9692327620159604,61.07800710757682,0
0.37348188749214417,1.3271575404306035,28.068321551597432,0
8.226005606596583,5.675408482615581,20.699257843842677,1
3.601906414112629,6.894649691372657,51.65726284459791,1
1.2706051265188478,8.005866991090828,0.5505799160420821,1
5.222432600548044,2.0015024424481007,0.7664032649225327,0
7.699935530986108,1.6748258225906976,21.906880910185777,0
2.1582102749684315,1.0456784033440025,3.672136250082114,0
6.228904758190002,6.364302495436367,10.802575413069137,1
0.85347464993768,7.064757264869011,33.88606493387516,1
0.516817211686077,0.3158614482564204,80.25856795798128,0
5.31354631568148,9.362122462436899,57.204864336930086,0
5.406351216101065,0.5197128365147241,51.26677259564164,1
6.374299014982066,5.412963353010705,29.348882320812166,1
7.260913337226615,7.090605194509164,93.17537194328163,1
9.758520794625346,8.709691237460856,39.70150412371917,1
5.163003483011953,7.140869321324278,8.70927667957715,1
3.2295647294124596,8.017280830697919,61.70665161178013,0
7.9518619476870365,3.3945019254280604,11.38383934766014,1
2.708322512620742,8.148251137465122,34.52231428016921,1
4.389714207056361,0.8011484638467514,50.74119387178089,1
0.7845638134226596,8.948166560605276,87.42225246851758,1
0.2535074341545751,5.475923761537363,49.35465803401187,0
9.626484146779251,8.172977699624937,70.22587660316643,1
8.359801205122059,4.523182845183001,99.28168389990704,1
6.95974206093698,6.4357769519652495,13.148911989798162,1
4.089529444142698,5.264026609361132,27.47315255195195,0
1.7329432007084578,7.315895217553319,39.45760755976464,0
1.5643704267108605,0.8162998203058958,42.18281785388314,0
2.502428981645953,0.603520839905638,41.102107526554576,0
5.4922666470612045,2.4710323401014644,90.76110025565549,1
7.145959227000623,1.5954468011318834,71.40326444668564,1
6.601973767177313,8.717835665922017,60.79052140907037,1
2.7993389694594284,2.192139873580443,30.93727178627821,0
9.54865280663194,9.758652558191313,82.37903842212947,1
7.378969166957685,3.3689579177110685,95.5060511484989,1
5.543540525114007,1.8211791568869928,82.11982825502265,1
6.117207462343522,7.896985071424791,0.15651051914729042,1
4.196000624277899,6.587077755008761,63.6401370183407,1
2.4773098950115746,4.98195716453139,5.1135381442100725,0
3.559726786512616,5.553635509376313,25.760722033372186,0
7.578461104643691,7.192017782722639,5.952470034777169,1
0.14393488629755868,2.2845474133129873,60.37954529493877,0
1.1607264050691624,9.963339160567418,68.65899134926067,1
0.4600264202175275,9.747931621467831,11.448763806590511,1
0.40728802318970136,6.503256863469369,38.38388830449795,0
8.554605840110073,1.9954245092914513,45.6236508955542,0
7.036578593800237,6.802282424312914,36.90530217609166,1
4.741738290873252,0.7219840897917584,12.102500048519305,0
0.9783416065100148,0.30652502205806065,41.89477901874754,0
4.916158751168323,2.576828885112137,75.11780478084181,0
4.734717707805657,4.626229567393163,7.100766453325546,0
1.7320186991001518,8.682725054083805,8.018001408190345,0
4.33851649237973,7.271690697663081,35.47712918359842,1
3.9850473439737346,7.42706521199981,94.1725711618925,1
6.158500980522165,4.2549333444807536,66.85726467229141,1
6.350936508676438,3.4593499254696294,67.86699566725648,1
0.4530400977204452,3.7103876298460268,36.1919990837865,0
3.746126146264712,9.876495637360579,59.36607912085384,1
6.258599157142363,0.4010919141248248,1.0131184027743378,0
5.031362585800877,8.670314961224486,63.60960464095422,1
8.564898411883222,5.786754085723934,91.32869475762368,1
6.58693631618945,4.386154191895905,61.25734683448192,0
1.629344270814297,7.252576604151365,87.3698593466345,1
0.7056874740042984,4.866689414247029,72.39730554660937,0
6.424192782063156,8.734232380816605,12.055841640369025,1
0.26511310541621813,9.007018640112586,90.24533072858418,1
5.8577558127346325,4.217209268734554,6.644384435577488,0
9.402302414249576,2.768277972350516,53.39674725477638,1
5.75474177875879,5.923503285933622,14.213712379345766,0
3.881699262065219,9.12363345616691,1.1706610730904066,1
6.432882184423532,2.106621890056666,42.2034260127639,1
4.582528904915167,6.229665835634828,29.504070765415623,0
5.45616789315935,6.3156022009252055,48.6000493797603,1
9.41464808776525,7.33113022415281,57.71998867345508,1
3.8610263780077423,1.315676851272598,4.373907230894735,0
9.611905638239142,7.158249646820885,12.300329512374564,1
9.053506419560637,9.09032520665641,55.86423964504254,1
1.9579113478929644,1.7968310887024197,34.316735317265824,0
0.6936130087516545,2.3754332492387764,72.9173487549448,0
1.0077800137742665,9.713950940416396,65.22916485919397,1
0.18221825651549728,1.8097695270948977,84.56043629899068,0
0.944429607559284,8.543850933695792,69.24928266692253,1
6.830067734163569,4.922778564480348,42.99310773901481,1
0.7118864846022899,2.4723107440317706,67.29666223944324,1
3.189756302937613,8.707499012725114,27.538117425541852,0
8.448753109694545,4.453052550026655,30.63134987782127,1
0.23271935735825866,5.148173539296902,78.89851599207933,0
8.144684825889358,3.5923336939976567,44.64195164015822,1
2.8185477477339993,5.9295085143492745,79.83803405183525,1
1.1816482762165625,1.6352387258502277,82.24223736682784,0
6.967371653641506,3.910815366517607,85.75623376612837,1
6.28942846779884,9.694123223352875,91.66352358412072,1
8.77472013527053,2.5813343270112754,43.098522051329624,1
7.350710438038858,6.567366645412922,31.886681832113883,1
8.034809303848485,3.251900642246949,58.21987465941139,1
2.820345725713065,7.734731256866007,37.117242343762754,1
1.7743954377972282,1.3087366071834983,60.1074166800233,0
7.506147516408584,9.698210450785448,70.55858626438246,0
8.06834739267264,4.5378954138363925,68.84050184921368,1
9.905051420006734,2.3605046334646396,37.45528870201213,1
4.126176769114265,0.7349674733001266,16.68602016987528,1
3.720180857927832,1.6975790508754074,43.05293384622075,1
7.764129607419968,5.197739485560176,14.259414408190874,1
3.4080354025301784,3.3700317643128628,89.00970351838083,0
9.307573256035647,8.288833658826094,34.58774607378574,0
8.584127518430119,4.308875236618059,15.445974722332378,0
4.289940273750183,2.487142725876299,2.5447759905750877,0
7.508710677914974,6.171449866040301,64.58223862864843,1
7.545428740846823,7.067772168854458,63.69023174547432,1
1.031238688359326,1.6704190790094986,34.060416658129164,0
9.025529066795666,1.6761921628831766,7.171188884765101,1
5.052523724478571,0.3667142693354297,40.9628894895232,1
8.264574661077416,7.364020150656405,31.12174950633936,1
3.2004960103061175,6.638045276218051,67.71206397350093,1
8.955232284962005,4.746308757498139,60.57792494526903,1
3.892016787341631,8.441704489691972,36.459372819754,1
0.1083765148029836,8.056701529500533,21.78925542549901,1
9.053819764192637,5.853543643967521,98.80359661555919,1
0.9128667678613356,8.682712805132587,45.40016211961149,0
3.1931363759041487,2.0584121003676827,68.82742357802371,0
9.50061967050805,1.1191961939772788,14.055296757836079,1
9.506071469375561,2.697496115169896,48.55896996593978,1
5.734378881232861,0.5708685608931485,2.7536719869465487,0
6.318372121697992,5.31169528001032,50.545511791044994,1
4.4844552197831975,9.366056922949614,96.40174071177023,1
2.9321077169806453,0.39343540668509647,38.420671298580025,0
3.2866454536991596,1.221099140100268,3.8996012574911587,0
6.725184560770384,4.521990282834353,3.095579091934353,0
7.5237452943768,9.33875017527905,38.798675994686946,1
7.915790437258485,3.161561049767505,16.002493646319405,0
7.896181427945539,5.072348086883924,2.335209632818591,1
0.9120610304869037,0.41572859050392097,75.62136139501769,0
4.944203047025814,1.4834320096208886,45.85230088818907,0
0.5755876001664428,9.86630122958847,28.924477197265453,1
5.495288823237355,9.651186964360456,90.00831830164807,1
4.41530501373377,0.04939980934409616,11.613896020052561,0
8.877041827582998,9.51811785423239,95.59188289553192,0
3.5091501255207866,6.391199378155004,31.396671737735282,1
1.1706701642760586,8.679182945200221,88.84036723086813,1
1.4299168205283586,4.547398556338591,60.294287647946156,0
7.615106317174723,5.155960285792503,82.67073597414874,1
6.182180633162611,4.888465802569202,98.40131632104642,1
1.0112267612279024,6.668642575461043,28.840543781874572,0
0.8410680611499743,1.396512547563129,96.1135485407593,1
7.009691314591199,0.2997358987267795,38.94818949024204,1
0.7276300636419353,3.079299415911909,38.55119047369223,0
8.218600592903563,7.0468076273664675,34.03871042545057,1
7.062422271564962,2.0185345212294834,54.14076073475852,0
0.8134878064189976,6.734324333249173,15.41450431784871,1
0.8483771408519192,9.699120461072704,55.37114853580112,1
9.866395785011754,0.9390071578941839,54.1704812410004,1
3.742707957561203,6.726021182251262,76.190181260487,1
3.706421470668909,4.437502193045711,83.36499619375856,0
8.127995672575025,8.681422543775053,44.044135031242405,0
9.472485773838587,1.771497894473859,30.233324935149376,1
9.860010638228708,6.926259522261645,25.933489731709447,1
7.533781852589416,8.381152896481103,19.462383670487192,1
3.762595855309158,9.446142194740233,5.764758219902488,1
0.8350071669866876,6.832480282896459,34.244797883471335,0
7.771469159274368,4.971747640084273,27.024769213078326,1
5.58404249735805,6.178472402012138,96.64173858664074,1
4.242220092469763,8.689049844787181,55.77088262500439,1
9.06354385094736,5.706097466388297,34.72770390305075,1
1.1119748230615134,0.3038705969683686,58.0467600993696,1
4.926251042908591,9.309486955069778,13.91967013456955,1
0.11353644767419069,6.895267510315612,44.40437492022029,0
4.6866064199412625,6.765133857772465,62.62343214210638,1
0.5630327568183735,2.1567515239771717,48.889783179245136,0
1.1881791626807192,6.5888547023265716,40.177880065432426,0
1.1752624677710488,3.938644056541585,99.38483888996981,1
6.492103021160636,6.512329770414921,88.0314762148927,1
7.460448792654233,1.0659303030799072,62.34059581594401,1
5.833687650971596,6.5784530460303605,56.93773611822828,1
9.621725484745419,9.994137257706665,62.06604798245841,1
3.748705795237041,0.4821203886055603,20.131210782243325,0
2.8571208628186073,9.771741842213173,39.51377432643186,1
8.685991281894603,4.069079607228706,3.945953289089932,1
2.235958385194526,8.707534503372592,47.554603748682666,0
9.632225394406113,7.823854840582735,54.302458395766315,1
0.12154474689816341,5.6701626098666775,22.77497361032096,0
9.69878826707639,7.384492092513265,96.40288471655137,1
0.43159911950576113,8.78515561301348,90.9454610937242,1
8.911431136980712,4.0414032165103295,72.21432354559059,1
5.277011090862999,3.270331615632387,53.33866287653626,0
9.929647961193004,6.675933855635847,86.99691596476849,1
0.7379656473539886,8.078459419412585,13.065234382346292,0
5.538542844013207,7.622851347766158,79.0509794274885,1
9.69302535619099,7.978136488586345,12.48208139668483,1
5.230978441701488,4.35583314812933,79.42106625494054,1
6.293986381352625,8.178342161750216,27.576756825135696,0
6.957486889846171,1.2020905537060844,87.7090581018189,1
4.545410647677732,5.444890979608496,94.40420938253979,1
6.275580800840634,0.057586604981215705,14.879596940511563,1
5.843143119231002,3.2458582990027027,46.267560506539354,1
9.01158010490989,3.664615348713979,98.09873781626851,1
0.4544638034145787,3.961726916092554,48.34074359731466,0
2.809631895922303,6.954672066898622,86.35475225145451,1
9.504114840765588,3.885581012703457,58.87315221313199,1
8.902637838909163,4.486936226225307,37.53299079196019,1
4.55656752785713,2.375441308743275,28.57835555258702,0
6.201325978015367,3.732517916293401,20.322309108608728,1
2.7738118298113266,2.2726962726315145,76.17981913776973,0
1.881211597237613,0.7319592376844364,38.65405068230279,0
4.636984049399821,6.034485933813779,51.12754622007512,1
3.533522280260528,6.682127985550163,49.23254800011819,1
5.836561118508721,6.194903460096145,57.727902923313124,0
0.7773463696498484,4.6349404380057235,86.55771456245522,0
9.743948076661665,3.797857801792298,98.07393435834294,1
9.86210744479603,8.633336495718252,40.758420857381694,1
6.981617140197452,5.190817851362181,82.7518922106303,1
5.360963663441204,4.79181877629731,76.45277946547176,1
3.0952761628632777,0.2564206580643569,57.352895145557326,1
8.137950197069486,3.4124782762615635,95.60471436119332,1
6.847311725538793,3.8019561878585706,20.04745155284028,0
1.626169393448913,3.988227808969005,10.92642103096214,0
9.109271844938425,5.801723692273323,85.39619669554222,1
8.22537242923169,5.336025467268785,43.91498166337483,1
9.49799913291924,6.079050927934446,84.69688542070605,1
7.2571950838836,7.6488326154212825,89.30902051954149,1
6.134151959357899,8.129857387160936,6.245759361907144,1
4.182430362906189,7.181230762264944,88.34647629860606,1
9.327284833540133,9.555236959549347,44.831905536942216,1
8.660638895004084,0.1823258267636163,51.04324890042322,0
0.45218670106189407,1.957779856835461,62.659251109321026,0
0.26366974497252005,0.0756287497814212,92.63826067300867,1
3.7646336687804958,6.47474714154603,1.911609442976403,0
8.105533307818328,8.98030548949987,47.68434683178171,1
9.872761293149445,2.4348229657629927,68.77220424305607,1
1.5041689110352818,9.270345447963066,72.27069576982285,1
5.941307153521351,0.6026739028956085,69.2532431537108,1
3.8089085663102153,9.344360268055143,13.443512940812186,1
9.699143978146033,3.516226872396344,29.93955883716812,1
8.421189231357086,1.0142082844921652,35.87155254170135,1
8.383287047111379,4.858717591863257,80.4437207679505,1
4.686931597949703,2.567765677205079,27.875987241455302,1
4.148195023376652,2.8487290196192285,21.070496386720315,1
2.7340707193070624,3.0728996492628657,95.74480190380962,0
0.5637549665092711,8.030258978326634,0.88632851134689,1
8.647223762550531,5.391612766752544,99.78208556819781,1
8.129010091300776,3.1130769915600363,67.68212988573956,1
9.997176732861305,6.103337833109183,82.84692994491171,1
9.966368370739055,7.161506742231936,29.461939634619316,1
5.5543170560262745,2.7262400073353374,1.4315277667059978,0
7.689874151805105,4.135491015253515,73.78695185615301,1
9.44765729882428,1.2188609333694755,83.41445970006758,0
8.496473906774115,1.8114934953468032,74.04761319535191,1
2.4734810174319763,6.811178539649828,14.285028730083859,0
4.505441353100935,1.8143834769562694,75.34279222569691,1
1.2915941515149498,5.251633836670601,76.8922782107641,1
9.540510272587223,7.090462617224327,65.85405156700548,1
6.0617463445088005,1.0687692309474384,76.61159327955862,0
2.2864280550346274,5.673122196289036,84.59214396777321,1
6.7170068440585675,2.5656278370136376,61.360411423745845,1
6.181282404578958,9.629268752375799,8.860471396967906,0
3.5816271803284048,4.835456467199247,48.76278096672109,1
1.1355759219962902,8.059925497751582,7.764933467160507,0
6.715731955927996,5.502265421562617,40.75430310324308,1
5.2030770090379335,0.43412532854819164,40.71064891256276,0
7.723183917356393,6.3315137559402235,6.600984414024158,1
5.201635011119934,9.51403342206657,34.88205339694793,1
8.5218150031854,6.016118201463312,11.099809879131485,1
5.519068387744856,8.191888594267901,80.82352100092221,1
5.609379715353863,8.842064633484078,94.76880259644707,1
8.76653602658345,2.2807977194893247,7.231647525793861,1
4.034828662123971,2.1204483990822665,95.51152072917014,1
1.3401522845064073,6.1098098885099175,52.25765993367452,0
0.28782676313338973,4.110284698067047,29.95656779538739,0
7.55137255673619,8.398613028667203,7.686207527616351,1
6.203095513534647,9.000231233980111,50.06242680704178,1
7.0407976809922355,3.534213793027181,79.45155444907486,1
2.129641615089107,2.3687055897448204,70.70864772666981,0
1.3637147558676976,7.805255152438618,5.022601146397376,0
0.14544665667881929,2.748060355481361,7.290183536790352,1
3.5058755880659698,8.226143185136785,40.28732826326371,1
5.899176868546331,4.237382536487628,29.52904940479433,0
3.922440450997323,6.675498992914704,23.238432305604782,0
4.374749220237291,0.9553531383466818,28.10044989087136,0
9.041586944937483,6.23859324676573,80.34827432968846,1
3.4825546702330037,4.517676787372292,92.92280536318539,0
5.139894891598108,5.866084631754741,40.510269452756646,0
7.8365301274114305,1.6801420774486342,90.61110021324971,1
3.9654278232127016,7.368737449441821,32.1495701247882,0
6.220867002278735,8.627970775432285,47.64369863437916,0
8.623637087467452,2.1673980009077565,22.602899781599973,0
9.495206236576422,0.9571455552016173,64.0476042175844,1
1.4707348092903794,0.23638586046336396,97.89811151748088,0
9.265876251614944,6.4197150044326605,60.34930960433786,1
4.921162930795382,6.070940360887808,35.78140841135489,0
2.5824438829895833,5.4669741271407,64.78174459905284,1
4.591357562382613,2.3194709611597544,12.292067846538757,0
9.800325752854771,3.9090599590551465,88.86590802653987,1
4.926180939928696,5.944763351861731,50.30839507798363,1
3.287516102875082,4.967668588591694,44.93497420396421,1
6.334008543167258,9.877855202148872,58.58647884535192,1
2.401456187781931,1.3643975255673313,62.47838627894025,0
0.7586332810866392,6.951445540475937,7.177580622651303,0
1.2887972191064923,4.043187681042921,68.26172212234025,1
1.2804583895777244,4.281996149256147,24.193168031552958,0
1.5190269351229435,7.175977656581763,71.39526325065899,0
1.3882717264941014,6.924361513243697,82.25347943841967,0
6.4087474480321465,9.912559937021882,80.39585075525203,1
1.8188008439914483,1.2839428945412523,55.25009674078891,0
3.456672833238632,1.0410964938416634,52.016989231075115,0
8.967884099060118,7.243388171287411,14.287596133941172,1
4.739616402628723,5.783869170064091,77.53461504031355,1
6.675577385210271,2.7416066655980584,27.140938044671437,1
1.7231987120162984,0.794193689889866,49.669542281794655,0
1.9228901880867078,0.8565824959643054,28.42740929275167,0
0.40868616266478863,8.941908746641182,13.382836299969314,0
1.6893506307216455,1.918673247187429,62.95576968917366,0
2.7859033903195862,3.2337156211552074,5.4332034822903825,1
1.7701048427674682,2.26656402226988,74.86452341262,0
0.8870253375705561,3.5499630583193733,31.758679526111667,0
1.206358711006008,0.6942384274609337,0.013469300448532007,0
4.607787680327258,5.190597909082704,51.11291392372298,1
2.063337184057925,0.676125635922149,4.6851908527603126,0
3.6426986104807546,8.003565078223616,27.616955782089946,1
5.034172708548569,2.3371208191043302,70.69764874557161,0
6.903948286293653,5.400119146045106,6.268962162186586,0
0.39312139841098936,8.800790875614583,83.93384923560023,1
7.994103989090426,6.5087736904719415,0.3819922658583108,1
6.279003894909078,5.329577865513353,24.682386920190226,1
0.8175903194887191,3.243337531153756,74.09040561520715,1
8.735786241067773,3.330019130581979,31.627014972930677,1
9.208724005318132,6.694869551981901,10.189238806601352,1
0.6107795985486375,9.941393612211675,36.02339188004279,1
2.7687764814720373,6.618391898493786,27.039328638452552,1
8.062012797930613,5.577834173700249,84.27119021605549,1
7.482596903836583,7.306505102392461,31.334791758514314,1
1.8452101935637732,4.652056122837181,78.89324717760073,0
2.093493233367103,0.6014234260078521,89.18721448107347,0
3.70472102791382,5.6229681587790985,43.381741957652956,1
4.845229851910213,9.576252845053801,90.9943143854392,1
6.1825477153029595,1.7530294235765964,37.73180539631929,1
3.689136395697724,6.900048908206657,96.40784164901082,1
4.625347161331479,2.0093368865905648,8.928952452557294,0
7.474709381337565,5.3582768447308124,68.70192665032427,0
0.366832028905979,0.9667644964671962,49.38140404569287,0
2.5243694434402073,4.503709362581851,38.76488054556471,0
7.133495858845524,7.561633288952461,63.27118787486009,1
8.952068376871994,3.4757152423898208,70.38570916343312,1
5.116774421156661,6.64911724487218,0.43632696503090873,0
5.321134852653157,7.954499607897292,16.69530887471987,1
1.0717201133977605,9.271778194794527,71.30460506343186,1
4.474123668234546,2.3464208185545354,66.63854135782064,1
5.326172664550231,3.993159158093081,96.60475051286772,1
2.4247050363472966,1.5241601333041743,76.1037790250783,0
2.6924323094938094,9.924835021583752,95.0772707731338,1
3.7728416310462265,9.270009679242953,70.25405015348069,1
0.20071197777726368,5.399571302805596,29.805220863944314,0
3.220791655831783,8.420332943764212,10.536492225085647,1
2.1144800699654462,5.209579772720422,78.18238633449356,1
3.2749735217791462,6.2358568800275975,64.4149221475916,1
1.1976213181925122,0.8912443211601662,4.818601239329623,0
8.90527280739895,7.552704204968079,36.005046590097834,0
5.935924535540487,1.2771348363523483,95.67998154842861,1
6.791023191444896,8.260676302525283,50.04011457102012,1
7.891712386073383,7.820280876703859,43.272913601970465,1
4.984421989290572,7.087446977429765,45.7699605159294,0
0.8692028808742369,0.36160380524762115,20.88827240051637,0
5.371065418185478,3.031283559453286,36.87071708647952,1
5.868411180208791,2.631125699108429,36.98132559871766,0
7.4543947418433,3.6013640747151907,5.2355020187472405,1
4.316595462296794,0.8764274676383854,76.75676285179182,1
1.2758030279556376,9.369578230310628,41.6504431903879,1
2.8377590579872445,5.538022407123763,82.21798868164232,1
3.630822963986351,3.0552431065802352,85.03480011198954,1
6.459172413316012,3.969815170742834,21.199405469865805,0
5.707783046689119,4.472025405048356,65.73534821701286,0
3.5609672589784624,6.005943333606173,47.22818041629817,1
9.865152487929796,5.156794276964978,88.0156737921485,1
6.057748193568871,9.193919732144174,21.57406791764541,1
2.372267917359945,4.969634829058302,67.78132003100443,1
1.0178247262040374,9.921580148233126,60.775212225272256,1
1.5285913918433203,8.514249577450958,29.53014775718328,0
2.459577283845081,2.085105143573358,13.660090365117261,0
1.6068137325955567,9.305952146439163,65.16397604772766,1
1.8656702405130576,1.163663978854761,73.85974581323308,0
2.850951686938471,8.174497084911916,31.562734376335,1
1.7337359529475482,3.806232934765801,64.48326040223138,0
8.967654246264251,8.779743204450694,39.51309076115032,1
0.8023374566164221,8.680566901074503,71.32068832826177,0
5.245113895702547,8.059254001176212,19.92152748940531,1
4.103968269896615,7.900304363070614,89.02150026361744,1
9.823786169086064,3.046791390980408,28.74095964655797,1
1.1203890216805235,0.8091928305125218,36.77859877561529,0
3.9785559904574166,4.029801787651614,5.8091952080349785,0
9.69470433275369,1.7352451498650867,11.15122123212764,0
8.655071258939802,6.9495108890246176,51.58619027123281,1
8.1707207094928,3.4609972653778556,26.75926767279715,1
2.579028270449398,9.756102008599148,83.54802257421944,1
1.7088758739006582,6.40972077345332,1.4693388654953843,0
6.68643219924431,8.224805636343609,37.90940486719362,1
9.293759891275858,1.3252467274184843,33.73455467690927,1
5.567628930139298,8.620144822726225,1.9327630917601035,1
5.7161268946989985,9.227571905133944,12.436839900051023,0
2.7997909366028417,4.870619188189359,41.36426749186353,0
7.694929331919369,6.062529377509774,49.28645844474466,1
1.8704374855752337,7.648098009029955,40.42897472548691,0
3.2367923640424365,1.7483862726041255,53.093767841209385,1
4.254364386164168,5.0256607646344245,59.51316749056815,1
5.07610378684455,3.986630277723131,0.992382112783563,1
2.4240973241508024,1.4637399216224911,46.409515945350385,0
1.1483682473920354,3.6753442229153146,96.34992408875883,1
6.1062004244163255,0.6817230938549357,51.90322801295487,1
2.8863055324025577,0.25811906949486985,67.75422674589532,1
5.812382214226123,1.3516628915482276,31.18638579168832,1
1.5436271527420231,9.631151115891738,77.39913781527625,0
4.811401018548175,5.49529535895017,77.2921481876115,1
5.325894325515859,9.6582216115322,52.129604765413895,1
0.5182353682242691,4.32497878330132,97.60138232792136,0
3.366042781939206,3.1181613308525957,12.555021476265338,0
1.3441467693897424,5.061418628402441,1.6947664889580993,0
0.6337497047276774,4.3951168863291015,77.0158211757096,0
9.899602323899453,1.0566468426174391,80.71555373648826,1
3.2235384497472297,6.408263146902062,12.020722912057625,1
8.09874445854635,2.160381825095996,26.55828329586061,1
2.5464065476376385,6.195879548978295,1.755236336662891,0
6.8150272222392925,6.502010923981533,29.33086107805647,0
7.6022785988968655,1.520248531286481,77.31418739186715,1
5.956387406078443,0.6134962711066816,51.79605277125789,0
4.715761885501584,7.807615860684399,34.80955931682881,0
4.118409141472686,4.5980042376932015,37.17392949063303,1
3.4886826654299528,0.5816379550547579,0.1353625715468154,1
9.29529144247826,9.948663171697671,29.98005275652359,1
8.306194077877292,0.5778056099636664,64.64587416379305,0
9.650269106665126,6.950352288585532,97.41944438163571,1
1.2429722348554473,9.836789252634135,84.70608269838995,1
7.308674752036443,2.391801042159256,2.3594964645529126,0
9.383404568210379,1.4224936868719618,89.85606046748393,1
1.8123306616566015,1.213849394224289,78.3198413298626,0
0.664962673667775,3.0327514756759557,78.03761235709804,1
7.4112064929005905,1.010458110106467,45.79957590035715,1
5.744731131799119,6.9216134169413195,39.80052929545028,1
8.41828776758272,0.6229179813006269,30.29157288331926,0
1.397723766262895,5.094221281497897,6.569485895436578,0
7.952673118598902,9.966968538529768,22.82353634936991,1
2.0162732004774453,8.139702695060189,24.66036349780246,0
1.636559428657045,6.152194382310109,48.40770697102016,0
1.6426579793099294,3.062536207866117,74.7444406596694,0
8.14574720231382,6.238958362916385,47.38098283979466,0
6.651972206962001,5.270414639116517,5.784444944716061,1
5.230654247691193,4.260833838903714,95.77898009882038,1
3.5883048412350247,1.3071037674019947,94.27243190941122,1
8.772005408131083,8.866042152404667,78.51895431484084,1
3.924451074226354,4.497846488213225,99.13279015642206,1
8.16599439471577,1.9462251182076507,54.448233280026294,1
4.391349085702184,3.677593508772896,96.27683502532061,1
3.769444294249076,4.1412975252892705,7.560504061675077,0
4.626797856696064,8.275378955668742,36.568074826137135,0
3.0137787416414206,7.336143805614021,22.538126800676583,1
7.476093801762511,7.693048936413398,19.583308413427,1
5.027203900924792,0.11031264428647214,14.08029488926761,0
2.322126951468173,4.161539981797615,62.241364156599666,0
8.995745732745684,4.813441516353237,78.1321855747305,1
3.8389122137321143,0.19192276823056686,57.82983994203607,0
5.435528611139886,2.598132087450342,14.696270958820968,0
9.06472110964547,7.60289823122135,81.11237699334708,1
6.242379959139921,1.3710970572899905,63.59547071637285,0
1.1689804070836407,5.353101314525917,38.81657061269955,1
9.398321236134752,2.152018720172375,67.4130295536063,1
6.277080530714178,0.12120774643893273,25.990497924283286,0
3.3490561465708613,2.412014575995415,34.51922084942105,0
1.3927207266338726,9.758737549100537,91.74858431319902,1
7.9402518927029595,8.015371118829895,29.05045056714204,1
6.200727559285135,9.595766443210334,46.99882681579366,1
5.334610919763215,4.878540439263625,89.01411373960147,1
8.938925830509577,1.097361986775035,70.77213502675275,1
7.885972112245307,5.47959488973693,6.220322616470275,1
1.5167487973275118,4.543773345599609,14.730304427897034,0
3.1172206779554825,8.44357082739616,0.7841590771916818,1
2.4848913981446574,0.9808258078424459,63.09217902291634,0
7.43946292572677,4.882411370217782,44.767342541041835,1
0.3353243473577938,1.5004866469398426,13.427485090227552,0
5.698896848713165,3.2467592689005995,95.79341210567705,1
7.624586857406905,7.373570773877996,52.96597239456199,1
8.767656367617494,4.7601812936876655,24.189329411288917,1
3.4208174871590744,3.7588828514576935,50.06035711547076,1
8.212573046720129,3.944762785700353,67.96203327351078,1
1.1063173695520723,4.594467684059866,7.623921797356448,0
8.464522917345182,7.850165438370569,27.4703815047892,1
1.2748866233198242,8.920846889402345,80.69654908839937,1
3.9728729056036727,9.553346865039282,45.966487040266124,1
7.972953657795536,7.869033862552951,54.65771420322949,1
1.4991742734877378,3.1540689574801273,43.28160022094693,1
2.2925139523264146,6.881347060865421,4.389994264300512,0
7.222525683930662,4.376031240553919,16.574977982015593,1
7.200365365460744,2.5467062204605115,44.554163874189086,1
6.411476328852973,8.408715794259226,20.918546540792782,0
6.939484444671001,0.38426348962324997,4.997902865967873,0
5.427244433475962,9.017619921354235,84.36496640518237,1
2.5179905890695276,4.614774646247342,98.11925291641158,1
3.4569599350391944,6.3720147680828045,79.31428739967394,1
1.8159771680142567,6.593539222057827,85.3784921704667,0
9.084505613336283,8.951177407065364,24.197713031704538,1
5.833917947661204,6.366696821672074,96.06269755131997,1
4.008514167636399,6.139335847600618,19.692570445342838,0
4.620058036441327,0.6665204056068996,95.14298103618323,1
9.472833396118153,5.18408021945204,99.4819293965951,1
1.533514031160802,1.5016900081704165,71.17228057460487,0
5.862298320167972,7.374337687214856,98.1143731791822,1
5.05888678884466,5.122219208126745,56.95397795671037,1
6.1145423543464785,6.802277792083533,25.954178317609035,1
0.18110183820840509,0.41672900602384266,43.699588566562085,0
8.721239089441514,0.8479201604580322,59.35609353787859,1
9.321182824836123,7.163233880626823,7.308156202701499,1
5.65133183589209,0.7208433599867337,62.234326461724606,1
6.966508238768922,0.712567277652586,98.11778367622945,1
9.224993811772958,0.1210847523488745,19.010764978372762,1
7.072386343133986,9.5650139829948,79.25951162883833,1
1.5253904291426135,7.37508359459007,90.78987937796194,0
5.762883601668132,3.5325140850206416,94.37015928202209,1
6.067150463828559,2.9653558128765525,96.01356044054472,0
4.24130671302386,3.4970322974584955,52.14596387214719,1
7.3644423562472285,7.746535311811819,97.73079079915037,1
9.343670147690148,6.613706110704144,75.73102071344388,0
9.255685129067764,1.8519556786746794,16.16714362369619,1
4.508393714041321,1.7410933533408435,47.690010646797,0
1.1323804584075525,0.9839564971339732,71.8331175372004,0
9.848411989623346,6.603027197013382,24.734031581908333,1
8.388980864459342,7.643726622217359,64.06151835488873,1
1.2466268120326685,2.6504642832500402,66.66004790466192,0
9.208418826173723,0.20944961030912812,16.26997438085659,0
8.698963620621283,0.8217166747642735,56.50853124527563,1
5.188380571260721,9.678600348450304,77.16269109786077,1
5.912754357449293,2.9544477747742026,49.88956645359419,1
3.9900270387013026,7.692231478381336,1.2103116776107425,1
0.5476163882203133,6.2466356885426375,0.9038469079292177,0
3.3519724164590095,3.8193963965289592,35.702934397001215,0
8.028534485980114,2.0568726219555513,92.6194068431782,1
0.04632023004602859,1.2138641815940643,22.867677960360876,0
3.334991716911442,6.150129680388666,63.43636888716871,0
3.9816869359094333,7.74633780637788,22.207587069332057,1
5.373956029379229,6.439042535411307,32.16699896595486,1
9.198556164127606,5.303021332491583,84.8042089601484,1
3.4634599436596125,0.41951223431636264,72.88614422699469,0
3.469532018962277,9.684887775943839,9.539927731321063,1
7.3750124810974835,7.987141916545745,42.87020209864336,1
4.522179408898071,2.928220367009647,2.916976364526447,0
2.2460482293998196,9.799703293588507,48.0890146603009,1
4.524395161326934,6.018815896363221,66.24340117010681,1
1.4085702037979986,5.824226582072464,11.850262359815156,0
1.763869865062233,7.4807317942953215,28.888493890916568,0
4.983677727394797,8.117697880901375,39.783662550215695,0
4.189254495045479,6.564786073315027,91.95310246560497,1
9.148459010681,1.2809574636620003,99.32550154229641,1
3.623938991166331,3.382675059944984,4.491129899561585,0
5.805883502780435,9.280836403260498,76.1007923495392,1
6.322642879195303,2.2461561184385195,37.17240664023432,0
0.13094456588333636,3.7216702383751334,39.245818622948,0
6.635373720167106,4.32076882944196,75.42649733470228,1
1.7803596686975143,4.394049896944522,91.84264321454087,1
9.610703174694551,6.129395824945255,95.09285945025483,1
1.4866272775311296,9.430758377447075,57.712258603832076,1
4.146241237270237,2.40692711832505,35.71211593005028,0
0.8534966807864386,1.2150137630091806,78.75490858587793,1
9.968742518459473,1.9747048985993731,25.100138326230027,1
5.021950103312426,8.869249002092696,56.40740288335178,1
5.953850173200438,6.458108126552061,35.85784615248732,1
0.6707647738842748,2.859067892391601,65.66310737078761,0
7.499604703991778,8.159469389686173,24.03989128935069,1
2.0990559309558576,8.61369996363436,19.159294573482576,0
8.980542894407137,8.465143386902781,91.8239086675437,1
2.0513964048200717,9.189265336395545,10.18036829495369,0
1.9068772066366657,2.522410201733616,50.595790773493164,0
0.3654966784809488,7.550419287462783,22.085278296300892,0
4.720669451099992,4.6053949727414,3.892996332566745,0
5.648411332626164,8.419985528900614,3.601881829142639,1
0.6570863942835237,7.284906771616132,17.522177210582733,0
7.755276166950106,7.764474464997246,86.67703545060003,1
4.532888347480276,6.561618376810715,28.247874397702667,0
5.243902693275801,1.7742876946970687,95.04591705752958,1
4.407627469382281,5.450269188969383,58.16222929891936,1
4.00763060875326,9.846697395245082,43.66141897687661,1
5.596403313082179,9.373880664971189,58.00888346694546,1
1.552402459307125,0.4317373579701167,51.669838522626776,0
1.8192813049527112,1.6481481572943713,75.87762537573252,1
8.617856210135173,1.317287734545619,28.249606597285226,1
9.461154621336327,7.259799099852955,35.30503916003024,1
3.7330931627975295,8.17785329856945,89.40943025332507,1
2.707446731435538,2.1351136631067194,94.64565131504055,1
6.439995432390157,5.05852692951829,89.25582274864745,1
4.087341710980964,8.407030280112,41.94479939573136,0
0.2538635566034486,7.328015447662506,78.03655030068816,1
1.5615259736619036,5.422372054918483,47.63357333010988,0
7.159722288473976,5.903476904587729,49.75398521461022,1
6.589239419101514,5.0836054691628,20.468010905728395,0
0.2709599250348349,2.9754845131882055,59.113030325851646,0
2.219721619329494,5.650219928590161,18.613589775334795,0
2.310747965880714,6.888853020500907,33.15646990671938,0
6.718927435987284,8.733229158608077,85.50302016199352,1
0.19710537754364155,6.362913539792481,20.707580921085523,1
1.0410858198457384,7.61121537043158,7.115828517343282,0
7.999160853731894,1.60071634954573,6.90075926128163,1
1.7854466205433361,4.6155747441978985,94.07845205031079,0
6.527461078518747,0.09331619827093296,50.69204379618346,0
2.381827810467265,2.46678864521623,40.941207181701834,0
0.9944139275934516,7.264617151130048,81.08785810079185,1
2.4317219099945406,9.918099513493635,83.5825927910516,1
7.2226693185565916,0.9917809958721591,33.21910331156046,0
8.556964681062858,4.0149431586128825,69.36180574737952,1
8.302198645669916,8.000709686991595,77.11228158518865,1
3.9718352961845484,2.0403563462889887,65.46506868659546,1
6.680851365706461,5.550849493022863,15.159507480009937,0
2.0498429541582097,7.330712960296748,87.5883083517057,0
2.9314773026101326,6.159854502601791,53.90945527360087,1
8.963358185211197,1.8802473461541613,28.24724263700037,0
0.13001923510736035,3.553845686857394,42.52281854376939,0
0.8550853085446808,7.837917844853973,3.757109039890738,0
2.078862551460273,5.542265141320167,12.786680122241755,0
0.26532203873819715,0.052296135429127366,76.55467505158609,0
1.8143543508979731,7.6099076002809385,0.0011634755366141114,1
5.830415609696922,0.3531135494023907,41.65658284822922,0
4.214245505924979,7.457337827312322,52.251018108558846,0
8.926717110769749,2.024805601652374,5.4634420000972295,1
8.17443561738441,9.580734801193802,97.30781629723329,1
3.4181735169787597,3.679407513020845,22.612533124967193,0
2.594234334312925,3.269316163380791,30.419871963628086,0
3.7969240816726693,1.4888805033244468,30.39425122550273,0
5.902949425148077,3.0560421549021486,23.04166621173499,0
2.6806364082287626,8.766507618282006,0.1473822086311416,0
6.24148907849134,9.963343376272473,72.93447940879963,1
4.0941165219124045,3.683095305068483,96.68454997992853,0
5.520471808519803,4.486106309545425,22.429348328504506,0
4.361265291353167,7.220709382027371,66.30471918034225,1
2.9446575954191765,8.861957804650745,74.18963269587151,1
9.484533069621566,5.930443341867841,84.84253790905247,1
7.636057941597608,3.9152569817782936,42.262919701360914,1
1.4011317576645255,4.126218408486237,30.293090564042924,0
8.684679758979128,6.956181464968068,32.52951340230311,0
4.874311982495136,0.032182636042786816,71.26213330985128,1
8.945522268940914,6.195893374598407,81.6779466505636,1
7.998552559473152,3.554930104413574,18.161396775660265,1
4.252135044692334,7.941973312770843,37.09410081577652,0
0.22469308320117398,0.9299063982313216,90.19401967491501,0
2.686773593849461,5.882022669483905,80.66935196947392,0
5.416342146608669,4.809728898861238,98.48584027624759,1
6.334782198261473,6.423255259052274,75.42482596820807,0
2.578876854332023,0.6485359448296835,39.319520102792225,0
1.3935607407282413,5.799837874281312,59.06378339946377,1
8.34930236799299,5.614845879595237,66.10142542473203,1
9.84402180703552,5.606600944161709,7.845581631712395,1
5.256901823026858,6.034876665964548,54.44969591038651,1
1.716792858483035,6.764679372263622,70.93208284726096,1
2.7230732651936895,8.049889996807698,16.732130400106037,0
0.18390676547466733,2.6982072012821434,78.06317174255571,0
9.14298806560499,8.250494101800621,58.37727805141116,1
1.1775108289014113,4.982556822634536,95.22217856975946,1
5.765164755142536,0.7705827913433116,4.24222982068917,0
2.74055220687206,0.585509292439792,26.5326137555467,0
5.541780025157934,3.3423831869606078,60.15538792998241,0
6.514203883518642,7.8489697711146755,29.65599122059307,1
8.297418037072017,7.076809347409157,71.44241640712423,1
2.064212717606032,7.886149646724064,75.9005282521931,1
0.10995828658480478,5.172690564416094,10.251596406647446,0
1.3688563006880727,4.401989979554905,51.38544642067677,1
9.00018641848105,1.4745252670628395,50.889055559105586,1
8.738900775625153,3.2819275360931153,36.92807702155411,1
5.974131021703083,4.340193661738753,93.29248625696721,1
6.005168604336534,0.8860042967961723,82.75063198732212,1
6.650366745462555,2.2061195271121123,69.72093819096368,1
1.753712786234496,5.982252940637388,71.43266357349975,0
9.144119459249598,7.356631142391898,46.17161438131191,1
4.187705248920731,9.983475113929497,92.09945210965759,1
3.8313852824949746,9.331133313435577,69.45954272532853,1
5.189177052828375,6.425651995351915,72.89810616558164,1
0.46965966775055046,4.21248053294072,86.16909037873452,1
1.662833687560794,6.361773647082327,27.4071589342191,0
7.380336164263705,7.85651618080232,80.7070903866703,0
0.8279866792512647,1.1833619092338732,19.524060295649203,0
6.031521094663882,4.099048896962882,34.53419522448878,1
2.4534910968132095,8.398022856356173,33.56104542698427,1
3.8929561404197655,3.83832951933044,97.85254683891405,1
2.8869373677069987,5.718722712271865,85.65372237479268,1
3.5567271646494913,5.877693608621982,70.11698615902597,1
7.1904590518424545,1.8447625313363936,72.70567616153902,1
2.9712171562317504,3.622354416522884,56.20727944025711,1
5.664046402968972,3.3451128874193214,94.70906671085191,1
4.760504021990997,0.26196708532064794,49.62587528823615,0
6.636711653626481,0.24191763891355245,38.05177098698945,1
9.36829739324758,8.316970436757735,16.3035336931591,1
7.325720972102503,2.7307080997281243,78.6205652261058,1
2.149403785907568,5.180787662388155,73.44439320755914,0
0.3118313506128467,2.9872557358877305,38.43550385241349,0
2.622640442998251,9.406792451153406,2.519341395922936,1
5.9507793070025485,2.5929675886577375,83.89973277180107,1
0.5142581348425035,4.296568127389351,1.1417983454073632,0
4.963662472012364,8.727302504846019,70.3699779629051,1
5.968428489168892,8.419335667918087,97.02571097260571,1
3.3424389081696084,1.8610141784627732,43.766132814820345,1
7.7091220374582194,8.026433097957105,23.497340499595275,1
1.065982531337718,4.581868867378926,70.48710100433817,0
0.7513778173580876,4.829688720853552,81.71281420155852,1
7.281887562036033,1.3347997241594378,54.64303160778473,0
4.954913162061985,0.8060151375712465,96.70352752561462,0
6.88402396427736,7.279393069737652,5.166872165796111,1
4.348273386037462,4.964611523552998,50.479559830452814,1
2.464020332391068,4.3685070261517955,71.845394732255,1
8.191023176741997,7.295082286523967,86.2640471149179,1
7.994158789689792,7.6551289899110975,17.925561190779003,1
6.946964708544268,1.5890816766935356,80.00034817636814,1
2.7214513722996267,6.102251494776413,55.27070757185453,0
5.902306668690871,1.3535408227768553,39.65536819899632,0
3.6097389694002677,7.513750860290457,13.171502857909356,1
0.9158207332663415,6.569551562671395,86.52957589089124,1
9.173135754622429,9.56614621083458,15.727320817971535,0
1.368186309189614,0.6895801635642118,30.978785920909925,0
9.502373538208024,0.5705472115125432,29.004553196243688,1
4.460057729579558,2.8218707469320012,87.14140341908544,1
